filename,cluster
aaron-burden-DuGDqZQ-Lx4-unsplash.jpg,-1
aivars-vilks-ozO1rAc0eho-unsplash.jpg,-1
alexander-zaytsev-BovO5ReUWqM-unsplash.jpg,-1
alin-gavriliuc-1oeJ8sN6G0E-unsplash.jpg,-1
annie-spratt-KOtu2rPqWs4-unsplash.jpg,-1
annie-spratt-OETHwXjfCzQ-unsplash.jpg,-1
brett-meliti-7yoXIw-Z1Hk-unsplash.jpg,-1
buddy-photo-B2edG_SyP7E-unsplash.jpg,-1
camilo-contreras-_cZY3CoFbOY-unsplash.jpg,-1
chandra-oh-dze649xYm64-unsplash.jpg,-1
chen-zy-ccr9dAWi0hw-unsplash.jpg,-1
cody-chan-eJKwOclHPrk-unsplash.jpg,-1
elijah-pilchard-5QHUhsXPNeM-unsplash.jpg,-1
evie-s-x0gBhqjBl2o-unsplash.jpg,-1
fadhil-abhimantra-qCqA8h3A03A-unsplash.jpg,-1
hamdhulla-shakeeb-3nFJAMYZwuY-unsplash.jpg,-1
ingmar-h-Urr7MbStFL8-unsplash.jpg,-1
joseph-corl-Vnnlb1m78w4-unsplash.jpg,-1
kevin-charit-KU9D4Sz6IDY-unsplash.jpg,-1
kevin-charit-tOSwnD1yd-w-unsplash.jpg,-1
master-unknown-VEyZ4sP3xCc-unsplash.jpg,-1
meina-yin-gmIhG320kGs-unsplash.jpg,-1
philipp-8Jbo0T-DxUI-unsplash.jpg,-1
raymond-petrik-S9J3GL9tp8A-unsplash.jpg,-1
red-reyes-JNweQamIZq8-unsplash.jpg,-1
richard-stachmann-5dHAVvt0zqc-unsplash.jpg,-1
richard-stachmann-cQdayjPy2UQ-unsplash.jpg,-1
sarlote-laura-jevdokimova-Y5p_0LW1xQg-unsplash.jpg,-1
scott-lord-jjiSx1-xTrA-unsplash.jpg,-1
seele-an-fuTKfRPdPxM-unsplash.jpg,-1
simon-berger-lCjH6ZOBhXs-unsplash.jpg,-1
